"Timestamp","Username","First Name","Last Name","Affiliation","Career stage","What day(s) do you plan to attend?","Are you interested in giving a 20-minute talk?","Title","Abstract"
"2025/03/26 2:26:58 pm GMT-4","ssachan@yorku.ca","Ada","Chan","York University","Tenured professor","Saturday May 24;Sunday May 25","No","",""
"2025/03/27 1:27:40 pm GMT-4","thomasjspier00@gmail.com","Thomás","Jung Spier","University of Waterloo","Postdoctoral fellows","Saturday May 24","No","",""
"2025/03/27 2:06:32 pm GMT-4","mjjerade@gmail.com","Mary Rose","Jerade","University of Ottawa","Graduate student","Saturday May 24;Sunday May 25","Undecided","",""
"2025/03/27 4:27:38 pm GMT-4","cgodsil@uwaterloo.ca","Chris","Godsil","University of Waterloo","Tenured professor","Saturday May 24;Sunday May 25","No","",""
"2025/03/27 4:31:29 pm GMT-4","mark@saaltink.ca","Mark","Saaltink","Independent","Others","Saturday May 24;Sunday May 25","Undecided","",""
"2025/03/27 6:33:58 pm GMT-4","stoml019@uottawa.ca","Sophie","Tomlin","University of Ottawa","Graduate student","Saturday May 24;Sunday May 25","Undecided","",""
"2025/03/27 8:07:38 pm GMT-4","bobby.miraftab@gmail.com","Bobby","Miraftab","Carleton","Postdoctoral fellows","Saturday May 24;Sunday May 25","No","",""
"2025/03/27 9:32:25 pm GMT-4","hzhan@wpi.edu","Harmony","Zhan","Worcester Polytechnic Institute","Pre-tenure professor","Saturday May 24;Sunday May 25","No","",""
"2025/03/28 1:06:52 am GMT-4","monterdh@myumanitoba.ca","Hermie","Monterde","University of Manitoba","Graduate student","Saturday May 24;Sunday May 25","Yes","s-pair state transfer on graphs","In this talk, we will discuss the combinatorics of s-pair state transfer, a type of quantum transport phenomenon on graphs that represents the accurate transmission of entangled vertex states. This is joint work with B. Ahmadi, A. Chan, S. Kim, S. Kirkland, S. Plosker and X. Zhang."
"2025/03/28 2:21:58 pm GMT-4","sarobidy@phystech.edu","Andriaherimanana Sarobidy","Razafimahatratra","Fields Institute","Postdoctoral fellows","Saturday May 24;Sunday May 25","Yes","",""
"2025/03/29 10:11:03 pm GMT-4","roghayeh.maleki@uregina.ca","Roghayeh","Maleki","University of Regina","Postdoctoral fellows","Saturday May 24;Sunday May 25","Undecided","",""
"2025/03/30 8:17:17 am GMT-4","sandeeps@iiitd.ac.in","Sandeep","Sharma","Tel Aviv University","Postdoctoral fellows","Saturday May 24;Sunday May 25","Yes","Multi-twisted additive codes over finite fields and their dual codes","Additive codes over the finite field F4 were introduced and studied by Calderbank et al. (1998) as a natural generalization of linear codes. Later, Rains (1999) and Bierbrauer and Edel (2000) defined and studied additive codes over arbitrary finite fields. These codes constitute an important family of error-correcting codes and are also helpful in constructing quantum error-correcting codes. In this talk, we will introduce a new class of additive codes over finite fields: multi-twisted (MT) additive codes. We will study their algebraic structures by writing a canonical form decomposition for these codes and providing an enumeration formula. By placing ordinary, Hermitian, and * trace bilinear forms, we will further study their dual codes and derive necessary and sufficient conditions under which an MT additive code is self-dual, self-orthogonal, and an additive code with complementary dual (ACD). We will also derive a necessary and sufficient condition for the existence of a self-dual MT additive code over a finite field and provide explicit enumeration formulae for self-dual, self-orthogonal, and ACD codes over finite fields with respect to the aforementioned trace bilinear forms. Further, using probabilistic methods, we will prove that MT additive codes and their three subclasses of self-orthogonal, self-dual, and ACD codes are asymptotically good."
"2025/03/30 9:22:47 pm GMT-4","andrewnagarajah@cmail.carleton.ca","Andrew","Nagarajah","Carleton University","Graduate student","Saturday May 24;Sunday May 25","No","",""
"2025/04/01 2:39:39 pm GMT-4","tzvetalv@nipissingu.ca","Tzvetalin","Vassilev","Nipissing University","Tenured professor","Saturday May 24;Sunday May 25","No","",""
"2025/04/02 7:29:22 pm GMT-4","aysa.tajeri.96@gmail.com","Aysa","Tajeri","York University ","Graduate student","Saturday May 24;Sunday May 25","No","",""
"2025/04/02 11:34:36 pm GMT-4","n8g4tvuk@gmail.com","Hanyang","Xiao","6478716966","Undergraduate student","Saturday May 24;Sunday May 25","Undecided","",""
"2025/04/03 10:12:17 am GMT-4","lavanyas.mat@iitbhu.ac.in","Lavanya ","Selvaganesh","Associate Professor, Department of Mathematical Sciences, IIT(BHU) Varanasi, Uttar Pradesh, India.  ","Tenured professor","Saturday May 24;Sunday May 25","Undecided","",""
"2025/04/03 11:12:18 am GMT-4","mittu.ahluwalia@gmail.com","Mittu","walia","Indian Institute of Technology Roorkee","Postdoctoral fellows","Saturday May 24","Yes","",""
"2025/04/03 1:47:49 pm GMT-4","x77fan@uwaterloo.ca","Xinyue","Fan","University of Waterloo","Graduate student","Saturday May 24;Sunday May 25","Yes","Critical graphs for excluding an induced even cycle","For graphs G and H, we say that G is H-free if G has no induced subgraph isomorphic to H, and that G is critically H-free if G is H-free with at least one edge, but for every e in E(G), the graph obtained from G by removing e is not H-free. This is a natural notion that, although similar to the well-studied notion of ‘‘induced H-saturated’’ graphs, seems to have been overlooked. Note, for instance, that there is no critically H-free graph if H is a complete graph; however, there is no example of a non-complete graph H with this property. We conjecture that critically H-free graphs exist for every non-complete graph H. This conjecture has now been verified for a variety of graphs H, and the proof for the case where H is an even cycle is by far the most non-trivial of all. In this talk, we present a construction of critically H-free graphs for every even cycle H and discuss the details of the proof as much as time permits. 

This is joint work with Sahab Hajebi, Sepehr Hajebi, and Sophie Spirkl."
"2025/04/03 6:53:44 pm GMT-4","bshirman@yorku.ca","Blake","Shirman","York University","Graduate student","Saturday May 24;Sunday May 25","Yes","Embedding decision trees to solve bivariate recurrence relations","We start by showing how repeated iterations of Pascal's recurrence can generate a binary decision tree.  Embedding this tree into the integer lattice in a particular way reveals the familiar grid of NE (North, East) lattice paths.  While this is not a novel transformation, it begs the question: what other recurrence relations can be similarly transformed into a lattice grid?  We begin our search, appropriately, with a small modification of NE lattice paths.  We rotate our grid clockwise by 45 degrees and only count those paths that reach a certain high-point, but no higher.  Counting these ""high-point paths"" we see a similar recurrence to Pascal's, but more resistant to other methods of analysis.  After repeating our decision-tree-embedding method on this new recurrence, we only need to perform a reflection and rotation to see our familiar NE lattice, deriving a nice closed form for the number of high-point paths!  We close by considering some other bivariate sequences to see which might be amenable to our method.  Results on high-point paths comes from work on a recent publication by Acton, Petersen, Shirman, and Tenner (https://www.combinatorics.org/ojs/index.php/eljc/article/view/v32i1p15)."
"2025/04/04 2:14:08 pm GMT-4","abdulbasit663@gmail.com","Abdul","Basit","University of Windsor","Graduate student","Saturday May 24;Sunday May 25","No","",""